,0
0,flevopark_11_audio1_2021-12-09_16-00-00_(1).flac
1,flevopark_1_audio1_2021-12-09_20-46-20_(3).flac
2,flevopark_1_audio1_2021-12-16_16-00-00_(0).flac
3,flevopark_1_audio1_2021-12-16_18-23-10_(1).flac
4,flevopark_1_audio1_2021-12-16_20-46-20_(2).flac
5,flevopark_11_audio1_2021-12-09_20-46-20_(33).flac
6,flevopark_12_audio1_2021-12-09_16-00-00_(34).flac
7,flevopark_12_audio1_2021-12-09_18-23-10_(35).flac
8,flevopark_12_audio1_2021-12-09_20-46-20_(36).flac
9,flevopark_2_audio1_2021-12-16_16-00-00_(0).flac
10,flevopark_2_audio1_2021-12-16_18-23-10_(1).flac
11,flevopark_2_audio1_2021-12-16_20-46-20_(2).flac
12,flevopark_3_audio1_2021-12-16_16-00-00_(0).flac
13,flevopark_3_audio1_2021-12-16_18-23-10_(1).flac
14,flevopark_3_audio1_2021-12-16_20-46-20_(2).flac
15,flevopark_4_audio1_2021-12-09_16-00-00_(0).flac
16,flevopark_4_audio1_2021-12-09_18-23-10_(1).flac
17,flevopark_4_audio1_2021-12-09_20-46-20_(2).flac
18,flevopark_4_audio1_2021-12-10_05-00-00_(3).flac
19,flevopark_4_audio1_2021-12-10_07-23-10_(4).flac
20,flevopark_4_audio1_2021-12-10_16-00-00_(5).flac
21,flevopark_4_audio1_2021-12-10_18-23-10_(6).flac
22,flevopark_4_audio1_2021-12-10_20-46-20_(7).flac
23,flevopark_4_audio1_2021-12-11_05-00-00_(8).flac
24,flevopark_4_audio1_2021-12-11_07-23-10_(9).flac
25,flevopark_4_audio1_2021-12-11_16-00-00_(10).flac
26,flevopark_4_audio1_2021-12-11_18-23-10_(11).flac
27,flevopark_4_audio1_2021-12-11_20-46-20_(12).flac
28,flevopark_4_audio1_2021-12-13_05-00-00_(18).flac
29,flevopark_4_audio1_2021-12-13_07-23-10_(19).flac
30,flevopark_4_audio1_2021-12-13_16-00-00_(20).flac
31,flevopark_4_audio1_2021-12-13_18-23-10_(21).flac
32,flevopark_4_audio1_2021-12-13_20-46-20_(22).flac
33,flevopark_4_audio1_2021-12-15_05-00-00_(28).flac
34,flevopark_4_audio1_2021-12-15_16-00-00_(29).flac
35,flevopark_4_audio1_2021-12-16_05-00-00_(30).flac
36,flevopark_4_audio1_2021-12-16_16-00-00_(31).flac
37,flevopark_4_audio1_2021-12-16_18-23-10_(32).flac
38,flevopark_4_audio1_2021-12-16_20-46-20_(33).flac
39,flevopark_5_audio1_2021-12-16_16-00-00_(0).flac
40,flevopark_5_audio1_2021-12-16_18-23-10_(1).flac
41,flevopark_5_audio1_2021-12-16_20-46-20_(2).flac
42,flevopark_6_audio1_2021-12-09_16-00-00_(0).flac
43,flevopark_6_audio1_2021-12-09_18-23-10_(1).flac
44,flevopark_6_audio1_2021-12-09_20-46-20_(2).flac
45,flevopark_6_audio1_2021-12-10_05-00-00_(3).flac
46,flevopark_6_audio1_2021-12-10_07-23-10_(4).flac
47,flevopark_6_audio1_2021-12-10_16-00-00_(5).flac
48,flevopark_6_audio1_2021-12-10_18-23-10_(6).flac
49,flevopark_6_audio1_2021-12-10_20-46-20_(7).flac
50,flevopark_6_audio1_2021-12-11_05-00-00_(8).flac
51,flevopark_6_audio1_2021-12-11_07-23-10_(9).flac
52,flevopark_6_audio1_2021-12-11_16-00-00_(10).flac
53,flevopark_6_audio1_2021-12-11_18-23-10_(11).flac
54,flevopark_6_audio1_2021-12-11_20-46-20_(12).flac
55,flevopark_6_audio1_2021-12-12_05-00-00_(13).flac
56,flevopark_6_audio1_2021-12-12_07-23-10_(14).flac
57,flevopark_6_audio1_2021-12-12_16-00-00_(15).flac
58,flevopark_6_audio1_2021-12-12_18-23-10_(16).flac
59,flevopark_6_audio1_2021-12-12_20-46-20_(17).flac
60,flevopark_6_audio1_2021-12-13_05-00-00_(18).flac
61,flevopark_6_audio1_2021-12-13_07-23-10_(19).flac
62,flevopark_6_audio1_2021-12-13_16-00-00_(20).flac
63,flevopark_6_audio1_2021-12-13_18-23-10_(21).flac
64,flevopark_6_audio1_2021-12-13_20-46-20_(22).flac
65,flevopark_6_audio1_2021-12-14_05-00-00_(23).flac
66,flevopark_6_audio1_2021-12-14_07-23-10_(24).flac
67,flevopark_6_audio1_2021-12-14_16-00-00_(25).flac
68,flevopark_6_audio1_2021-12-14_18-23-10_(26).flac
69,flevopark_6_audio1_2021-12-14_20-46-20_(27).flac
70,flevopark_6_audio1_2021-12-15_05-00-00_(28).flac
71,flevopark_6_audio1_2021-12-15_16-00-00_(29).flac
72,flevopark_6_audio1_2021-12-16_05-00-00_(30).flac
73,flevopark_6_audio1_2021-12-16_16-00-00_(31).flac
74,flevopark_8_audio1_2021-09-17_02-23-10_(1).flac
75,flevopark_8_audio1_2021-09-17_04-46-20_(2).flac
76,flevopark_8_audio1_2021-09-17_09-32-40_(4).flac
77,flevopark_8_audio1_2021-09-17_00-00-00_(0).flac
78,flevopark_8_audio1_2021-09-17_07-09-30_(3).flac
79,flevopark_8_audio1_2021-09-17_14-19-00_(7).flac
80,flevopark_8_audio1_2021-09-17_23-51-40_(11).flac
81,flevopark_8_audio1_2021-09-17_11-55-50_(6).flac
82,flevopark_8_audio1_2021-09-17_16-42-10_(8).flac
83,flevopark_12_audio1_2021-11-18_20-46-20_(4).flac
84,flevopark_12_audio1_2021-11-18_18-23-10_(2).flac
85,flevopark_5_audio1_2021-11-18_20-46-20_(2).flac
86,flevopark_12_audio1_2021-11-18_16-00-00_(1).flac
87,flevopark_12_audio1_2021-11-18_18-23-10_(3).flac
88,flevopark_12_audio1_2021-11-19_20-46-20_(11).flac
89,flevopark_5_audio1_2021-11-18_16-00-00_(0).flac
90,flevopark_5_audio1_2021-11-18_18-23-10_(1).flac
91,flevopark_5_audio1_2021-11-19_05-00-00_(3).flac
92,flevopark_8_audio1_2021-11-18_18-23-10_(0).flac
93,flevopark_8_audio1_2021-11-18_20-46-20_(1).flac
94,flevopark_8_audio1_2021-11-19_07-23-10_(3).flac
95,flevopark_3_audio1_2021-11-18_16-00-00_(0).flac
96,flevopark_3_audio1_2021-11-20_05-00-00_(3).flac
97,flevopark_7_audio1_2021-11-18_16-00-00_(0).flac
98,flevopark_7_audio1_2021-11-18_18-23-10_(1).flac
99,flevopark_7_audio1_2021-11-18_20-46-20_(2).flac
100,flevopark_7_audio1_2021-11-19_05-00-00_(3).flac
101,flevopark_7_audio1_2021-11-19_07-23-10_(4).flac
102,flevopark_12_audio1_2021-11-19_07-23-10_(6).flac
103,flevopark_12_audio1_2021-11-19_05-00-00_(5).flac
104,flevopark_12_audio1_2021-11-19_16-00-00_(7).flac
105,flevopark_12_audio1_2021-11-19_18-23-10_(8).flac
106,flevopark_5_audio1_2021-11-19_07-23-10_(4).flac
107,flevopark_5_audio1_2021-11-19_20-46-20_(7).flac
108,flevopark_5_audio1_2021-11-19_16-00-00_(5).flac
109,flevopark_5_audio1_2021-11-19_18-23-10_(6).flac
110,flevopark_7_audio1_2021-11-19_20-46-20_(7).flac
111,flevopark_7_audio1_2021-11-19_16-00-00_(5).flac
112,flevopark_7_audio1_2021-11-19_18-23-10_(6).flac
113,flevopark_8_audio1_2021-11-19_05-00-00_(2).flac
114,flevopark_8_audio1_2021-11-19_16-00-00_(4).flac
115,flevopark_8_audio1_2021-11-19_18-23-10_(5).flac
116,flevopark_8_audio1_2021-11-19_20-46-20_(6).flac
117,flevopark_12_audio1_2021-11-20_05-00-00_(12).flac
118,flevopark_12_audio1_2021-11-20_07-23-10_(11).flac
119,flevopark_12_audio1_2021-11-20_16-00-00_(0).flac
120,flevopark_12_audio1_2021-11-20_18-23-10_(1).flac
121,flevopark_12_audio1_2021-11-20_20-46-20_(2).flac
122,flevopark_5_audio1_2021-11-20_05-00-00_(8).flac
123,flevopark_5_audio1_2021-11-20_07-23-10_(9).flac
124,flevopark_5_audio1_2021-11-20_16-00-00_(10).flac
125,flevopark_5_audio1_2021-11-20_18-23-10_(11).flac
126,flevopark_5_audio1_2021-11-20_20-46-20_(12).flac
